concept,id
BRICS,art_000002
BRICS,art_000003
BRICS,art_000026
BRICS,art_000076
BRICS,art_000147
BRICS,art_000153
BRICS,art_000155
BRICS,art_000223
BRICS,art_000225
BRICS,art_000240
BRICS,art_000266
BRICS,art_000271
BRICS,art_000283
BRICS,art_000349
BRICS,art_000384
BRICS,art_000608
BRICS,art_000632
BRI_Belt_and_Road,art_000003
BRI_Belt_and_Road,art_000026
BRI_Belt_and_Road,art_000076
BRI_Belt_and_Road,art_000083
BRI_Belt_and_Road,art_000091
BRI_Belt_and_Road,art_000101
BRI_Belt_and_Road,art_000125
BRI_Belt_and_Road,art_000131
BRI_Belt_and_Road,art_000145
BRI_Belt_and_Road,art_000147
BRI_Belt_and_Road,art_000152
BRI_Belt_and_Road,art_000155
BRI_Belt_and_Road,art_000191
BRI_Belt_and_Road,art_000200
BRI_Belt_and_Road,art_000202
BRI_Belt_and_Road,art_000208
BRI_Belt_and_Road,art_000215
BRI_Belt_and_Road,art_000217
BRI_Belt_and_Road,art_000224
BRI_Belt_and_Road,art_000225
BRI_Belt_and_Road,art_000233
BRI_Belt_and_Road,art_000239
BRI_Belt_and_Road,art_000240
BRI_Belt_and_Road,art_000242
BRI_Belt_and_Road,art_000256
BRI_Belt_and_Road,art_000265
BRI_Belt_and_Road,art_000266
BRI_Belt_and_Road,art_000271
BRI_Belt_and_Road,art_000272
BRI_Belt_and_Road,art_000273
BRI_Belt_and_Road,art_000277
BRI_Belt_and_Road,art_000279
BRI_Belt_and_Road,art_000281
BRI_Belt_and_Road,art_000283
BRI_Belt_and_Road,art_000313
BRI_Belt_and_Road,art_000316
BRI_Belt_and_Road,art_000319
BRI_Belt_and_Road,art_000338
BRI_Belt_and_Road,art_000346
BRI_Belt_and_Road,art_000349
BRI_Belt_and_Road,art_000355
BRI_Belt_and_Road,art_000360
BRI_Belt_and_Road,art_000366
BRI_Belt_and_Road,art_000369
BRI_Belt_and_Road,art_000375
BRI_Belt_and_Road,art_000384
BRI_Belt_and_Road,art_000385
BRI_Belt_and_Road,art_000386
BRI_Belt_and_Road,art_000544
BRI_Belt_and_Road,art_000608
BRI_Belt_and_Road,art_000652
BRI_Belt_and_Road,art_000653
BRI_Belt_and_Road,art_000668
BRI_Belt_and_Road,art_000688
BRI_Belt_and_Road,art_000690
BRI_Belt_and_Road,art_000702
BRI_Belt_and_Road,art_000708
BRI_Belt_and_Road,art_000732
BRI_Belt_and_Road,art_000735
BRI_Belt_and_Road,art_000740
BRI_Belt_and_Road,art_000757
BRI_Belt_and_Road,art_000760
BRI_Belt_and_Road,art_000782
BRI_Belt_and_Road,art_000794
BRI_Belt_and_Road,art_000795
SCO_Shanghai_Cooperation_Organization,art_000008
SCO_Shanghai_Cooperation_Organization,art_000026
SCO_Shanghai_Cooperation_Organization,art_000033
SCO_Shanghai_Cooperation_Organization,art_000044
SCO_Shanghai_Cooperation_Organization,art_000048
SCO_Shanghai_Cooperation_Organization,art_000054
SCO_Shanghai_Cooperation_Organization,art_000057
SCO_Shanghai_Cooperation_Organization,art_000076
SCO_Shanghai_Cooperation_Organization,art_000080
SCO_Shanghai_Cooperation_Organization,art_000085
SCO_Shanghai_Cooperation_Organization,art_000102
SCO_Shanghai_Cooperation_Organization,art_000105
SCO_Shanghai_Cooperation_Organization,art_000152
SCO_Shanghai_Cooperation_Organization,art_000191
SCO_Shanghai_Cooperation_Organization,art_000203
SCO_Shanghai_Cooperation_Organization,art_000207
SCO_Shanghai_Cooperation_Organization,art_000226
SCO_Shanghai_Cooperation_Organization,art_000241
SCO_Shanghai_Cooperation_Organization,art_000257
SCO_Shanghai_Cooperation_Organization,art_000263
SCO_Shanghai_Cooperation_Organization,art_000268
SCO_Shanghai_Cooperation_Organization,art_000274
SCO_Shanghai_Cooperation_Organization,art_000278
SCO_Shanghai_Cooperation_Organization,art_000280
SCO_Shanghai_Cooperation_Organization,art_000302
SCO_Shanghai_Cooperation_Organization,art_000303
SCO_Shanghai_Cooperation_Organization,art_000321
SCO_Shanghai_Cooperation_Organization,art_000322
SCO_Shanghai_Cooperation_Organization,art_000343
SCO_Shanghai_Cooperation_Organization,art_000350
SCO_Shanghai_Cooperation_Organization,art_000353
SCO_Shanghai_Cooperation_Organization,art_000357
SCO_Shanghai_Cooperation_Organization,art_000363
SCO_Shanghai_Cooperation_Organization,art_000381
SCO_Shanghai_Cooperation_Organization,art_000385
SCO_Shanghai_Cooperation_Organization,art_000394
SCO_Shanghai_Cooperation_Organization,art_000404
SCO_Shanghai_Cooperation_Organization,art_000421
SCO_Shanghai_Cooperation_Organization,art_000436
SCO_Shanghai_Cooperation_Organization,art_000553
SCO_Shanghai_Cooperation_Organization,art_000559
SCO_Shanghai_Cooperation_Organization,art_000567
SCO_Shanghai_Cooperation_Organization,art_000586
SCO_Shanghai_Cooperation_Organization,art_000607
SCO_Shanghai_Cooperation_Organization,art_000624
SCO_Shanghai_Cooperation_Organization,art_000652
SCO_Shanghai_Cooperation_Organization,art_000666
SCO_Shanghai_Cooperation_Organization,art_000680
SCO_Shanghai_Cooperation_Organization,art_000702
SCO_Shanghai_Cooperation_Organization,art_000709
SCO_Shanghai_Cooperation_Organization,art_000711
SCO_Shanghai_Cooperation_Organization,art_000713
SCO_Shanghai_Cooperation_Organization,art_000716
SCO_Shanghai_Cooperation_Organization,art_000761
SCO_Shanghai_Cooperation_Organization,art_000776
SCO_Shanghai_Cooperation_Organization,art_000792
SCO_Shanghai_Cooperation_Organization,art_000808
NATO,art_000017
NATO,art_000027
NATO,art_000071
NATO,art_000096
NATO,art_000138
NATO,art_000188
NATO,art_000196
NATO,art_000297
NATO,art_000314
NATO,art_000318
NATO,art_000334
NATO,art_000363
NATO,art_000399
NATO,art_000403
NATO,art_000415
NATO,art_000421
NATO,art_000427
NATO,art_000429
NATO,art_000432
NATO,art_000436
NATO,art_000450
NATO,art_000453
NATO,art_000467
NATO,art_000486
NATO,art_000493
NATO,art_000504
NATO,art_000505
NATO,art_000507
NATO,art_000512
NATO,art_000514
NATO,art_000519
NATO,art_000524
NATO,art_000540
NATO,art_000558
NATO,art_000563
NATO,art_000570
NATO,art_000591
NATO,art_000601
NATO,art_000626
NATO,art_000636
NATO,art_000639
NATO,art_000642
NATO,art_000650
NATO,art_000675
NATO,art_000679
NATO,art_000690
NATO,art_000700
NATO,art_000703
NATO,art_000705
NATO,art_000726
NATO,art_000728
NATO,art_000738
NATO,art_000743
NATO,art_000744
NATO,art_000761
NATO,art_000764
NATO,art_000765
Ukraine,art_000021
Ukraine,art_000026
Ukraine,art_000027
Ukraine,art_000100
Ukraine,art_000124
Ukraine,art_000179
Ukraine,art_000181
Ukraine,art_000183
Ukraine,art_000187
Ukraine,art_000188
Ukraine,art_000189
Ukraine,art_000192
Ukraine,art_000193
Ukraine,art_000194
Ukraine,art_000195
Ukraine,art_000197
Ukraine,art_000198
Ukraine,art_000204
Ukraine,art_000219
Ukraine,art_000224
Ukraine,art_000227
Ukraine,art_000234
Ukraine,art_000236
Ukraine,art_000252
Ukraine,art_000253
Ukraine,art_000254
Ukraine,art_000262
Ukraine,art_000269
Ukraine,art_000275
Ukraine,art_000297
Ukraine,art_000334
Ukraine,art_000378
Ukraine,art_000387
Ukraine,art_000388
Ukraine,art_000392
Ukraine,art_000400
Ukraine,art_000401
Ukraine,art_000402
Ukraine,art_000405
Ukraine,art_000412
Ukraine,art_000415
Ukraine,art_000416
Ukraine,art_000424
Ukraine,art_000425
Ukraine,art_000432
Ukraine,art_000440
Ukraine,art_000441
Ukraine,art_000453
Ukraine,art_000479
Ukraine,art_000502
Ukraine,art_000517
Ukraine,art_000556
Ukraine,art_000570
Ukraine,art_000572
Ukraine,art_000596
Ukraine,art_000597
Ukraine,art_000599
Ukraine,art_000616
Ukraine,art_000617
Ukraine,art_000620
Ukraine,art_000640
Ukraine,art_000642
Ukraine,art_000646
Ukraine,art_000648
Ukraine,art_000651
Ukraine,art_000653
Ukraine,art_000664
Ukraine,art_000669
Ukraine,art_000675
Ukraine,art_000685
Ukraine,art_000690
Ukraine,art_000695
Ukraine,art_000696
Ukraine,art_000712
Ukraine,art_000733
Ukraine,art_000736
Ukraine,art_000738
Ukraine,art_000743
Ukraine,art_000754
Ukraine,art_000764
Ukraine,art_000769
Ukraine,art_000774
Ukraine,art_000780
Ukraine,art_000781
Ukraine,art_000794
Artificial_Intelligence,art_000171
Finland,art_000642
